{
  "linear_motion": {
    "constant_velocity_nn": {
      "mae_h1": 0.6801238390870002,
      "rmse_h1": 0.7647987573553864,
      "mae_h4": 1.9585414367938092,
      "rmse_h4": 2.202936193614596,
      "mae_h8": 3.68846515664392,
      "rmse_h8": 4.157967830915924,
      "prediction_count": 239,
      "track_continuity": 1.0,
      "false_lock_rate": 0.0,
      "recovery_cycles_mean": 0.0,
      "latency_mean": 3.0,
      "latency_p95": 3.0,
      "latency_p99": 3.0,
      "latency_max": 3.0,
      "compute_cost": 0.967741935483871
    },
    "kalman": {
      "mae_h1": 0.4734463426759549,
      "rmse_h1": 1.6513671770927798,
      "mae_h4": 1.2080904100577865,
      "rmse_h4": 6.586392154005162,
      "mae_h8": 2.2271801779840397,
      "rmse_h8": 13.29182342570162,
      "prediction_count": 239,
      "track_continuity": 0.967741935483871,
      "false_lock_rate": 0.008333333333333333,
      "recovery_cycles_mean": 0.0,
      "latency_mean": 5.0,
      "latency_p95": 5.0,
      "latency_p99": 5.0,
      "latency_max": 5.0,
      "compute_cost": 4.354838709677419
    },
    "event_motion": {
      "mae_h1": 0.5915836604460469,
      "rmse_h1": 3.4575770482139268,
      "mae_h4": 0.847007913774498,
      "rmse_h4": 3.7003900915505556,
      "mae_h8": 1.2180407246465763,
      "rmse_h8": 4.062926547760152,
      "prediction_count": 239,
      "track_continuity": 0.9637096774193549,
      "false_lock_rate": 0.0,
      "recovery_cycles_mean": 0.0,
      "latency_mean": 2.0,
      "latency_p95": 2.0,
      "latency_p99": 2.0,
      "latency_max": 2.0,
      "compute_cost": 0.4064516129032272
    },
    "tiny_learned": {
      "mae_h1": NaN,
      "rmse_h1": NaN,
      "mae_h4": NaN,
      "rmse_h4": NaN,
      "mae_h8": NaN,
      "rmse_h8": NaN,
      "prediction_count": 239,
      "track_continuity": 0.967741935483871,
      "false_lock_rate": 0.4791666666666667,
      "recovery_cycles_mean": 0.0,
      "latency_mean": 6.0,
      "latency_p95": 6.0,
      "latency_p99": 6.0,
      "latency_max": 6.0,
      "compute_cost": 1.7419354838709749
    },
    "libellula_core": {
      "prediction_count": 0,
      "track_continuity": 0.0,
      "false_lock_rate": 0.0,
      "recovery_cycles_mean": 0.0,
      "latency_mean": 0.0,
      "latency_p95": 0.0,
      "latency_p99": 0.0,
      "latency_max": 0.0,
      "compute_cost": 0.0
    }
  },
  "abrupt_acceleration": {
    "constant_velocity_nn": {
      "mae_h1": 0.9826397614185813,
      "rmse_h1": 1.1019390940027396,
      "mae_h4": 2.7470273719014213,
      "rmse_h4": 3.083958322796813,
      "mae_h8": 5.222007354340994,
      "rmse_h8": 5.8760735582962695,
      "prediction_count": 259,
      "track_continuity": 1.0,
      "false_lock_rate": 0.0,
      "recovery_cycles_mean": 0.0,
      "latency_mean": 3.0,
      "latency_p95": 3.0,
      "latency_p99": 3.0,
      "latency_max": 3.0,
      "compute_cost": 0.917910447761194
    },
    "kalman": {
      "mae_h1": 0.6476367850188747,
      "rmse_h1": 1.8129812755744406,
      "mae_h4": 1.6302577884520955,
      "rmse_h4": 7.203343380807046,
      "mae_h8": 3.0674920024508667,
      "rmse_h8": 14.569045586193326,
      "prediction_count": 245,
      "track_continuity": 0.917910447761194,
      "false_lock_rate": 0.012195121951219513,
      "recovery_cycles_mean": 0.0,
      "latency_mean": 5.0,
      "latency_p95": 5.0,
      "latency_p99": 5.0,
      "latency_max": 5.0,
      "compute_cost": 4.130597014925373
    },
    "event_motion": {
      "mae_h1": 0.7766501287964164,
      "rmse_h1": 3.51939007920419,
      "mae_h4": 1.1892061215448206,
      "rmse_h4": 3.6838138741984596,
      "mae_h8": 1.9015470487413029,
      "rmse_h8": 4.186671864730307,
      "prediction_count": 259,
      "track_continuity": 0.914179104477612,
      "false_lock_rate": 0.0,
      "recovery_cycles_mean": 0.0,
      "latency_mean": 2.0,
      "latency_p95": 2.0,
      "latency_p99": 2.0,
      "latency_max": 2.0,
      "compute_cost": 0.3855223880597028
    },
    "tiny_learned": {
      "mae_h1": NaN,
      "rmse_h1": NaN,
      "mae_h4": NaN,
      "rmse_h4": NaN,
      "mae_h8": NaN,
      "rmse_h8": NaN,
      "prediction_count": 259,
      "track_continuity": 0.917910447761194,
      "false_lock_rate": 0.508130081300813,
      "recovery_cycles_mean": 0.0,
      "latency_mean": 6.0,
      "latency_p95": 6.0,
      "latency_p99": 6.0,
      "latency_max": 6.0,
      "compute_cost": 1.652238805970156
    },
    "libellula_core": {
      "prediction_count": 0,
      "track_continuity": 0.0,
      "false_lock_rate": 0.0,
      "recovery_cycles_mean": 0.0,
      "latency_mean": 0.0,
      "latency_p95": 0.0,
      "latency_p99": 0.0,
      "latency_max": 0.0,
      "compute_cost": 0.0
    }
  },
  "distractor_crossings": {
    "constant_velocity_nn": {
      "mae_h1": 0.5304053935781979,
      "rmse_h1": 0.598854719949085,
      "mae_h4": 1.5130126634585979,
      "rmse_h4": 1.714170086449339,
      "mae_h8": 2.8501667223630465,
      "rmse_h8": 3.2356062572934867,
      "prediction_count": 279,
      "track_continuity": 1.0,
      "false_lock_rate": 0.0,
      "recovery_cycles_mean": 0.0,
      "latency_mean": 3.0,
      "latency_p95": 3.0,
      "latency_p99": 3.0,
      "latency_max": 3.0,
      "compute_cost": 1.9444444444444444
    },
    "kalman": {
      "mae_h1": 73.30016731034785,
      "rmse_h1": 87.70148883016718,
      "mae_h4": 73.95456506200362,
      "rmse_h4": 89.4032055559114,
      "mae_h8": 74.89960287371667,
      "rmse_h8": 93.34566600146587,
      "prediction_count": 279,
      "track_continuity": 0.9722222222222222,
      "false_lock_rate": 0.9607142857142857,
      "recovery_cycles_mean": 0.0,
      "latency_mean": 5.0,
      "latency_p95": 5.0,
      "latency_p99": 5.0,
      "latency_max": 5.0,
      "compute_cost": 8.75
    },
    "event_motion": {
      "mae_h1": 72.77139493085546,
      "rmse_h1": 87.18237461902076,
      "mae_h4": 72.60607837005031,
      "rmse_h4": 87.16775410278103,
      "mae_h8": 72.42750014781635,
      "rmse_h8": 87.19865726476229,
      "prediction_count": 279,
      "track_continuity": 0.96875,
      "false_lock_rate": 0.9605734767025089,
      "recovery_cycles_mean": 0.0,
      "latency_mean": 2.0,
      "latency_p95": 2.0,
      "latency_p99": 2.0,
      "latency_max": 2.0,
      "compute_cost": 0.8166666666666695
    },
    "tiny_learned": {
      "mae_h1": NaN,
      "rmse_h1": NaN,
      "mae_h4": NaN,
      "rmse_h4": NaN,
      "mae_h8": NaN,
      "rmse_h8": NaN,
      "prediction_count": 279,
      "track_continuity": 0.9722222222222222,
      "false_lock_rate": 0.40714285714285714,
      "recovery_cycles_mean": 0.0,
      "latency_mean": 6.0,
      "latency_p95": 6.0,
      "latency_p99": 6.0,
      "latency_max": 6.0,
      "compute_cost": 3.5000000000000155
    },
    "libellula_core": {
      "prediction_count": 0,
      "track_continuity": 0.0,
      "false_lock_rate": 0.0,
      "recovery_cycles_mean": 0.0,
      "latency_mean": 0.0,
      "latency_p95": 0.0,
      "latency_p99": 0.0,
      "latency_max": 0.0,
      "compute_cost": 0.0
    }
  },
  "partial_occlusion": {
    "constant_velocity_nn": {
      "mae_h1": 21.349469065519155,
      "rmse_h1": 30.059912057248756,
      "mae_h4": 22.236028125261598,
      "rmse_h4": 30.299126749259578,
      "mae_h8": 23.42401833577699,
      "rmse_h8": 30.670061328220136,
      "prediction_count": 218,
      "track_continuity": 0.5559701492537313,
      "false_lock_rate": 0.006711409395973154,
      "recovery_cycles_mean": 0.0,
      "latency_mean": 3.0,
      "latency_p95": 3.0,
      "latency_p99": 3.0,
      "latency_max": 3.0,
      "compute_cost": 0.8171641791044776
    },
    "kalman": {
      "mae_h1": 0.5000699796845863,
      "rmse_h1": 1.8045617832918484,
      "mae_h4": 1.3166353783407505,
      "rmse_h4": 7.27715538539674,
      "mae_h8": 2.472843796203391,
      "rmse_h8": 14.85169546990251,
      "prediction_count": 217,